{"stats":{"minecraft:used":{"geckolib3:potato_boots":1,"geckolib3:potato_head":1,"geckolib3:potato_leggings":1,"geckolib3:potato_chest":1},"minecraft:killed":{"minecraft:pig":1},"minecraft:custom":{"minecraft:jump":3,"minecraft:time_since_rest":2281,"minecraft:leave_game":2,"minecraft:play_time":2281,"minecraft:sprint_one_cm":346,"minecraft:time_since_death":2281,"minecraft:walk_one_cm":2317,"minecraft:total_world_time":2362,"minecraft:mob_kills":1,"minecraft:fly_one_cm":1439}},"DataVersion":2975}