{"stats":{"minecraft:killed":{"geckolib3:geoexampleentity":1,"minecraft:zombie":1},"minecraft:custom":{"minecraft:jump":20,"minecraft:time_since_rest":1357,"minecraft:damage_dealt":167,"minecraft:leave_game":1,"minecraft:sprint_one_cm":12,"minecraft:play_time":1357,"minecraft:time_since_death":1357,"minecraft:walk_one_cm":1395,"minecraft:total_world_time":7904,"minecraft:mob_kills":2,"minecraft:fly_one_cm":41},"minecraft:used":{"minecraft:podzol":2,"minecraft:zombie_spawn_egg":2}},"DataVersion":2975}