{
  "minecraft:adventure/root": {
    "criteria": {
      "killed_something": "2023-11-28 15:56:05 -0500"
    },
    "done": true
  },
  "minecraft:adventure/kill_a_mob": {
    "criteria": {
      "minecraft:zombie": "2023-11-28 16:02:10 -0500"
    },
    "done": true
  },
  "minecraft:adventure/kill_all_mobs": {
    "criteria": {
      "minecraft:zombie": "2023-11-28 16:02:10 -0500"
    },
    "done": false
  },
  "minecraft:adventure/adventuring_time": {
    "criteria": {
      "minecraft:old_growth_pine_taiga": "2023-11-28 15:55:42 -0500"
    },
    "done": false
  },
  "DataVersion": 2975
}