{
  "minecraft:adventure/root": {
    "criteria": {
      "killed_something": "2023-11-28 16:52:24 -0500"
    },
    "done": true
  },
  "minecraft:adventure/shoot_arrow": {
    "criteria": {
      "shot_arrow": "2023-11-28 16:52:24 -0500"
    },
    "done": true
  },
  "minecraft:adventure/adventuring_time": {
    "criteria": {
      "minecraft:frozen_river": "2023-11-28 16:52:37 -0500",
      "minecraft:snowy_taiga": "2023-11-28 16:45:54 -0500"
    },
    "done": false
  },
  "DataVersion": 2975
}