{"stats":{"minecraft:custom":{"minecraft:jump":4,"minecraft:time_since_rest":4105,"minecraft:damage_dealt":50,"minecraft:leave_game":5,"minecraft:play_time":4105,"minecraft:sprint_one_cm":726,"minecraft:time_since_death":4105,"minecraft:walk_one_cm":237,"minecraft:sneak_time":77,"minecraft:total_world_time":177301,"minecraft:fly_one_cm":15910},"minecraft:used":{"minecraft:pig_spawn_egg":1,"minecraft:sand":2,"minecraft:zombie_spawn_egg":2,"minecraft:villager_spawn_egg":1,"minecraft:splash_potion":5}},"DataVersion":2975}